{
  "name": "swordschronicles",
  "title": "Swordschronicles",
  "description": "The Swords Chronicles system for FoundryVTT!",
  "version": "1.0.5",
  "minimumCoreVersion": "0.7.5",
  "compatibleCoreVersion": "0.7.7",
  "templateVersion": 2,
  "author": "c4ffeine",
  "esmodules": ["module/swordschronicles.js"],
  "styles": ["css/swordschronicles.css"],
  "scripts": [],
  "packs": [
	  {
		  "name": "core",
		  "label": "Core Qualities",
		  "system": "swordschronicles",
		  "path": "data/core-qualities.db",
		  "entity": "Item"
	  },
	  {
		  "name": "coreweapons",
		  "label": "Core Weapons",
		  "system": "swordschronicles",
		  "path": "data/core-weapons.db",
		  "entity": "Item"
	  },
	  {
		  "name": "coredrawbacks",
		  "label": "Core Drawbacks",
		  "system": "swordschronicles",
		  "path": "data/core-drawbacks.db",
		  "entity": "Item"
	  }
		  
  ],
  "languages": [
    {
      "lang": "en",
      "name": "English",
      "path": "lang/en.json"
    }
  ],
  "gridDistance": 1,
  "gridUnits": "m",
  "primaryTokenAttribute": "health",
  "secondaryTokenAttribute": "composure",
  "url": "https://github.com/caffyn/FoundryVTTSwordsChronicles",
  "manifest": "https://raw.githubusercontent.com/caffyn/FoundryVTTSwordsChronicles/main/system.json",
  "download": "https://github.com/caffyn/FoundryVTTSwordsChronicles/raw/main/swordschronicles.zip",
  "license": "LICENSE.txt"
}
