{
  "Actor": {
    "types": ["character","unit"],
    "templates": {
      "person":{
      "abilities": {
        "agility": {
	  "special": {
		  "acrobatics": 0,
		  "balance": 0,
		  "contortions": 0,
		  "dodge": 0,
		  "quickness": 0
	  }

        },
        "animalhandling": {
	  "special": {
		  "charm": 0,
		  "drive": 0,
		  "ride": 0,
		  "train": 0
	  }
        },
        "athletics": {
	  "special": {
		  "climb": 0,
		  "jump": 0,
		  "run": 0,
		  "strength": 0,
		  "swim": 0,
		  "throw": 0
	  }
        },
        "awareness": {
	  "special": {
		  "empathy": 0,
		  "notice": 0
	  }
        },
        "cunning": {
	  "special": {
		  "decipher": 0,
		  "logic": 0,
		  "memory": 0
	  }
        },
        "deception": {
	  "special": {
		  "act": 0,
		  "bluff": 0,
		  "cheat": 0,
		  "disguise": 0
	  }
        },
        "endurance": {
	  "special": {
		  "resilience": 0,
		  "stamina": 0
	  }
        },
        "fighting": {
	  "special": {
		  "axes": 0,
		  "bludgeons": 0,
		  "brawling": 0,
		  "fencing": 0,
		  "longblades": 0,
		  "polearms": 0,
		  "shields": 0,
		  "shortblades": 0,
		  "spears": 0
	  }
        },
        "healing": {
	  "special": {
		  "diagnose": 0,
		  "treatailment": 0,
		  "treatinjury": 0
	  }
        },
        "language1": {
	  "special": {
		  "eloquence": 0,
		  "literacy": 0
	  }
        },
        "knowledge": {
	  "special": {
		  "education": 0,
		  "research": 0,
		  "streetwise": 0
	  }
        },
        "marksmanship": {
	  "special": {
		  "bows": 0,
		  "crossbows": 0,
		  "siege": 0,
		  "thrown": 0,
		  "blackpowder": 0
	  }
        },
        "persuasion": {
	  "special": {
		  "bargain": 0,
		  "charm": 0,
		  "convince": 0,
		  "incite": 0,
		  "intimidate": 0,
		  "seduce": 0,
		  "taunt": 0
	  }
        },
        "status": {
	  "special": {
		  "breeding": 0,
		  "reputation": 0,
		  "stewardship": 0,
		  "tournaments": 0
	  }
        },
        "stealth": {
	  "special": {
		  "blendin": 0,
		  "sneak": 0
	  }
        },
        "survival": {
	  "special": {
		  "forage": 0,
		  "hunt": 0,
		  "orientation": 0,
		  "track": 0
	  }
        },
        "thievery": {
	  "special": {
		  "picklock": 0,
		  "sleightofhand": 0,
		  "steal": 0
	  }
        },
        "warfare": {
	  "special": {
		  "command": 0,
		  "strategy": 0,
		  "tactics": 0
	  }
        },
        "will": {
	  "special": {
		  "courage": 0,
		  "coordinate": 0,
		  "dedication": 0
	  }
        }
      },
	"config":{
	  "usestunts": "yes",
	  "age": "adult",
	  "stuntbonus": 0
	},
	"combat": {
	  "armorpenalty": 0
	},
	"destiny":{
	  "total": 1,
	    "base": 0,
	  "invested": 0,
	  "bonus": 0
	},
        "composure": {
          "value": 10,
          "min": 0,
          "max": 10
        },"status": {
        "wounds": {
          "value": 0,
          "min": 0,
          "max": 3
        },
        "injuries": {
          "value": 0,
          "min": 0,
          "max": 3
        },
        "fatigue": {
          "value": 0,
          "min": 0,
          "max": 3
        },
        "frustrations": {
          "value": 0,
          "min": 0,
          "max": 3
        }
	}
      },
      "group":{
	"status": {
	  "state": "normal"
	},
	"formation":{
		"selected": "battle",
		"available":{
			"battle": "No Stat Change",
			"checkered": "+5 Defense vs. Marksmanship,+1D on Fighting tests vs. mobs, +3 to Discipline, slow movement", 
			"column": "-1D on Fighting tests",
			"firingline": "Ignore rate of fire, very slow movement, -3 Defense, +3 Discipline",
			"mob": "-5 Defense, +6 Discipline",
			"phalanx": "+5 Defense vs. Fighting, -5 Defense vs. Marksmanship, very slow movement",
			"pikeandshot": "Combine pikemen and musketeer unit, slow movement, +3 Discipline",
			"shieldwall": "+5 Defense vs. Fighting, negates charges, no movement, +5 cover to anyone behind",
			"square": "Negate flank and rear attack bonuses, no movement",
			"tortoise": "+5 Defense (applied), no attacks, very slow movement",
			"wedge": "+1D on Fighting tests for charging, -5 vs. Marksmanship"
		}
	},
	"config":{
	  "usestunts": "no",
	  "stuntbonus": 0
	},"combat":{
	  "discipline": 0,
	  "rangeddefense": 0,
	  "meleedefense": 0,
	  "basediscipline": 0
	}
      },
      "base": {
	  "glory": {
	    "spent": 0,
	    "total": 0
	  },
	  "xp": {
	    "chargen": 0,
	    "earned": 0,
	    "spent": 0
	  },
        "health": {
          "value": 10,
          "min": 0,
          "max": 10
        },
	"status":{
	},
	"combat": {
		  "movement": {
		    "speed": 0,
		    "sprint": 0,
		    "bonus": 0
		  },
	  "armorname": "",
	  "bulk": 0,
	  "totalbulk": 0,
	  "armor": 0,
	  "defense": 0,
	  "defensebonus": 0
	},
	"socialcombat": {
	  "defense": 0,
	  "defensebonus": 0,
	  "disposition": 4
	},
	"sorcery":{
	  "defense": 0,
	  "averting": 0,
  	  "initiated": false,
	  "tradition": "none",
	  "points": {
		"max": 0,
	  	"bonus": 0,
	  	"spent": 0,
		"current": 0
	  } 
	},
      
	  
      "abilities": {
        "agility": {
	"passive": 8,
	"chargen_increase": false,
          "value": 2
        },
        "animalhandling": {
	"passive": 8,
	"chargen_increase": false,
          "value": 2
        },
        "athletics": {
	"passive": 8,
	"chargen_increase": false,
          "value": 2
        },
        "awareness": {
	"passive": 8,
	"chargen_increase": false,
          "value": 2
        },
        "cunning": {
	"passive": 8,
	"chargen_increase": false,
          "value": 2
        },
        "deception": {
	"passive": 8,
	"chargen_increase": false,
          "value": 2
        },
        "endurance": {
	"passive": 8,
	"chargen_increase": false,
          "value": 2
        },
        "fighting": {
	"passive": 8,
	"chargen_increase": false,
          "value": 2
        },
        "healing": {
	"passive": 8,
	"chargen_increase": false,
          "value": 2
        },
        "language1": {
	"customname": "default",
	"passive": 8,
	"chargen_increase": false,
          "value": 2
        },
        "knowledge": {
	"passive": 8,
	"chargen_increase": false,
          "value": 2
        },
        "marksmanship": {
	"passive": 8,
	"chargen_increase": false,
          "value": 2
        },
        "persuasion": {
	"passive": 8,
	"chargen_increase": false,
          "value": 2
        },
        "status": {
	"passive": 8,
	"chargen_increase": false,
          "value": 2
        },
        "stealth": {
	"passive": 8,
	"chargen_increase": false,
          "value": 2
        },
        "survival": {
	"passive": 8,
	"chargen_increase": false,
          "value": 2
        },
        "thievery": {
	"passive": 8,
	"chargen_increase": false,
          "value": 2
        },
        "warfare": {
	"passive": 8,
	"chargen_increase": false,
          "value": 2
        },
        "will": {
	"passive": 8,
	"chargen_increase": false,
          "value": 2
        }
      }

      }
    },
    "character": {
      "templates": ["base","person"],
      "biography": "",
      "attributes": {
        "level": {
          "value": 1
        }
      }    },
    "unit": {
      "templates": ["base","group"],
      "biography": "",
      "attributes": {
        "level": {
          "value": 1
        }
      }    }
  },
  "Item": {
    "types": ["item", "feature", "spell","weapon"],
    "templates": {
      "base": {
        "description": ""
      }
    },
    "item": {
      "templates": ["base"],
      "quantity": 1,
      "weight": 0
    },
    "weapon": {
      "templates": ["base"],
      "type": "melee",
      "special": "none",
      "training": 0,
      "location": "carried",
      "bulk": 0,
      "damage": "1",
      "damageability": "none",
      "quality": "1",
      "notes": "",
      "damageabilities":["none","agility","athletics","animalhandling"],
      "specialtypes": {"melee":["none","axes","bludgeons","brawling","fencing","longblades","polearms","shields","shortblades","spears"],"ranged":["none","bows","crossbows","siege","thrown","blackpowder"]}
    },
    "feature": {
      "templates": ["base"],
      "modifiers": {},
	"modtypes":{
	"ability":{
	"agility": ["acrobatics","balance","contortions","dodge","quickness"],
	"animalhandling": ["charm","drive","ride","train"],
	"athletics": ["climb","jump","run","strength","swim","throw"],
	"awareness": ["empathy","notice"],
	"cunning": ["decipher","logic","memory"],
	"deception": ["act","bluff","cheat","disguise"],
	"endurance": ["resilience","stamina"],
	"fighting": ["axes","bludgeons","brawling","fencing","longblades","polearms","shields","shortblades","spears"],
	"healing": ["diagnose","treatailment","treatinjury"],
	"language": ["eloquence","literacy"],
	"knowledge": ["education","research","streetwise"],
	"marksmanship": ["bows","crossbows","siege","thrown","blackpowder"],
	"persuasion": ["bargain","charm","convince","incite","intimidate","seduce","taunt"],
	"status": ["breeding","reputation","stewardship","tournaments"],
	"stealth": ["blendin","sneak"],
	"survival": ["forage","hunt","orientation","track"],
	"thievery": ["picklock","sleightofhand","steal"],
	"warfare": ["command","strategy","tactics"],
	"will": ["courage","coordinate","dedication"]
	}
	}
    },
    "spell": {
      "templates": ["base"],
      "type": "spell",
      "price": "spent",
      "learning": "6 weeks Hard (15)",
      "art": "warding",
      "resonances": "none",
      "abilities": ["agility","animalhandling","athletics","awareness","cunning","deception","endurance","fighting","healing","knowledge","marksmanship","persuasion","status","stealth","survival","thievery","warfare","will"],
      "alignment": {
	      "ability": "knowledge",
	      "difficulty": 9,
	      "flavor": "Spell Effects at Alignment Stage",
	      "basetime": "10 minutes"
      },
      "invocation": {
	      "ability": "cunning",
	      "difficulty": 12,
	      "flavor": "Spell Effects at Invocation Stage",
	      "basetime": "50 minutes"
      },
      "unleashing": {
	      "flavor": "Spell Effects at Unleashing Stage",
	      "difficulty": 15
      }
    }
  }
}
